<?xml version="1.0" encoding="UTF-8"?>
<beans xmlns="http://www.springframework.org/schema/beans"
	xmlns:xsi="http://www.w3.org/2001/XMLSchema-instance"
	xsi:schemaLocation="http://www.springframework.org/schema/beans http://www.springframework.org/schema/beans/spring-beans.xsd">

<bean class="java.text.SimpleDateFormat" id="dateFormat">

<constructor-arg value="dd/MM/yyyy"/>

</bean>
<bean id="employee1" class="com.cognizant.springlearn.model.Employee">
<property name="id" value="01"/>
<property name="name" value="deepika"/>
<property value="10000" name="salary"/>
<property value="Full-Time" name="permanent"/>
<property name="department" ref="department1"/>
<property name="skill" ref="skill1"/>
<property name="dateOfBirth">


<bean factory-method="parse" factory-bean="dateFormat">

<constructor-arg value="30/08/1998"/>

</bean>

</property>
</bean>

<bean id="employee2" class="com.cognizant.springlearn.model.Employee">
<property name="id" value="02"/>
<property name="name" value="dinesh"/>
<property value="20000" name="salary"/>
<property value="Full-Time" name="permanent"/>
<property name="department" ref="department2"/>
<property name="skill" ref="skill2"/>
<property name="dateOfBirth">


<bean factory-method="parse" factory-bean="dateFormat">

<constructor-arg value="30/07/1998"/>

</bean>

</property>
</bean>

<bean id="employee3" class="com.cognizant.springlearn.model.Employee">
<property name="id" value="03"/>
<property name="name" value="mounika"/>
<property value="30000" name="salary"/>
<property value="part-Time" name="permanent"/>
<property name="department" ref="department3"/>
<property name="skill" ref="skill2"/>

<property name="dateOfBirth">


<bean factory-method="parse" factory-bean="dateFormat">

<constructor-arg value="19/07/1998"/>

</bean>

</property>



</bean>

<bean id="employee4" class="com.cognizant.springlearn.model.Employee">
<property name="id" value="04"/>
<property name="name" value="arun"/>
<property value="1000" name="salary"/>
<property value="Full-Time" name="permanent"/>
<property name="department" ref="department2"/>
<property name="skill" ref="skill1"/>
<property name="dateOfBirth">


<bean factory-method="parse" factory-bean="dateFormat">

<constructor-arg value="30/06/1998"/>

</bean>

</property>
</bean>

<bean id="department1" class="com.cognizant.springlearn.model.Department">
<property name="id" value="101"/>
<property name="name" value="development"/>
</bean>

<bean id="department2" class="com.cognizant.springlearn.model.Department">
<property name="id" value="102"/>
<property name="name" value="testing"/>
</bean>

<bean id="department3" class="com.cognizant.springlearn.model.Department">
<property name="id" value="103"/>
<property name="name" value="Manufacturing"/>
</bean>

<bean id="skill1" class="com.cognizant.springlearn.model.Skill">
<property name="id" value="1"/>
<property name="name" value="java"/>
</bean>

<bean id="skill2" class="com.cognizant.springlearn.model.Skill">
<property name="id" value="2"/>
<property name="name" value="rest"/>
</bean>



<bean class="java.util.ArrayList" id="employeeList">


<constructor-arg>


<list>

<ref bean="employee1"/>

<ref bean="employee2"/>

<ref bean="employee3"/>

<ref bean="employee4"/>

</list>

</constructor-arg>

</bean>


<bean class="java.util.ArrayList" id="departmentList">


<constructor-arg>


<list>

<ref bean="department1"/>

<ref bean="department2"/>

<ref bean="department3"/>

</list>

</constructor-arg>
</bean>



</beans>
